,en,ru,zh
AVA_BLANK_MAN,Man,Мужчина,人
AVA_BLANK_SIMPLE,Simple,Простой,
AVA_BLANK_WOMAN,Woman,Женщина,女人
AVA_GIRL_1,Girl 1,Девушка 1,
AVA_GIRL_2,Girl 2,Девушка 2,
AVA_GIRL_3,Girl 3,Девушка 3,
AVA_GIRL_ELF,Elf Woman,Эльфийка,
AVA_SN_DRAGON1,Dragon 1,Дракон 1,
AVA_SYMBOL_YINYAN,Yin-Yan,Инь-Янь,
AVACAT_FEMALE,Women,Женщины,
AVACAT_MALE,Men,Мужчины,
AVACAT_STANDART,Standart,Стандартные,
AVACAT_SUPERNATURAL,Supernatural,Сверхъестественное,
AVACAT_SYMBOLS,Symbols,Символы,
BTN_ACCEPT,Accept,Принять,
BTN_ACCEPT,Accept,Разрешить,
BTN_ACCEPT_SETTINGS,Accept settings,Применить изменения и вернуться в главное меню,
BTN_ADD_BAN,Ban,Забанить,
BTN_ADD_BLOCK,Block this user,Заблокировать этого пользователя,
BTN_ADD_FRIEND,Add to friendlist,Запрос в друзья,
BTN_AI,AI Control Panel,Панель управления AI,
BTN_AI_LOG,Show log,Показать лог,
BTN_AI_REFRESH,Restart AI,Перезапустить AI,
BTN_BACK,Back,Назад,
BTN_BACK_TO_GAME,Back to game,Вернуться в игру,
BTN_CANCEL,Cancel,Отмена,
BTN_CANCEL_SETTINGS,Cancel changes and return to main menu,Отменить изменения и вернуться в главное меню,
BTN_CLEAR_CHAT,Clear chat,Очистить чат,
BTN_CLOSE_GAME,Close game,Закрыть игру,
BTN_CLOSE_PM_CHAT,Close private chat,Закрыть приватный чат,
BTN_CONTINUE,Continue,Продолжить,
BTN_CONTINUE,Continue,Продолжить,
BTN_CREATE,Create,Создать,
BTN_CREATE,Create,Создать,
BTN_CREATE_GAME,Create game,Создать игру,
BTN_CREATE_PROFILE,Create profile,Создать профиль,
BTN_CREATE_SERVER,Create game,Создать игру,
BTN_DECLINE,Decline,Отказать,
BTN_DELETE,Delete,Удалить,
BTN_DELETE_PROFILE,Reset all settings,Сбросить все настройки,
BTN_EDITOR,Editor,Редактор,
BTN_ENTER_GUEST,Enter as quest,Войти как гость,
BTN_EXPLORER,Open in explorer,Открыть в проводнике,
BTN_EXTRA,Miscellaneous,Дополнительно,杂
BTN_FLIP_BOARD,Flip board,Перевернуть доску,
BTN_FORWARD,Forward,Вперёд,
BTN_GM_ACHIVEMENTS,Achivements,Достижения,
BTN_GM_BUGS,Report bug,Зарепортить баг,
BTN_GM_CVC,CPU vs CPU,CPU против CPU,
BTN_GM_DONATE,Donate to project,Поддержать проект,
BTN_GM_EDITOR,Editor,Редактор,
BTN_GM_HELP,Help,Справка,
BTN_GM_HOST,Host,Хост,
BTN_GM_JOIN,Join,Присоединиться,
BTN_GM_LIBRARY,Replays,Повторы,遊戲回放
BTN_GM_LOAD,Load,Загрузить,負載
BTN_GM_NEWS,Shogi news,Новости сёги,
BTN_GM_ONLINE_REPLAYS,Online replays,Онлайн повторы,
BTN_GM_PROFILE,Profile,Профиль,
BTN_GM_PVC,Versus AI,Игра с AI,
BTN_GM_PVP,Local game,Локальная игра,
BTN_GM_SERVER,Multiplayer,Сетевая игра,
BTN_GM_SERVER_LIST,Server list,Список серверов,
BTN_GM_TUTORIALS,Tutorials,Обучение,
BTN_HIDE_AI_PANEL,Hide AI Panel,Скрыть панель AI,
BTN_HIDE_PANEL,Hide panel,Скрыть панель,
BTN_INPUT_DEFAULT,Reset to default,Сброс значений,
BTN_INPUT_SAVE,Save configuration,Сохранение конфигурации,
BTN_JOIN,Join,Присоединиться,
BTN_LEAVE,Save and leave the game,Сохранить и покинуть игру,
BTN_LIBRARY,Library,Библиотека,
BTN_LIBRARY_BACK,Back to main menu,Библиотека,
BTN_LIBRARY_POSITIONS,Positions,Позиции,
BTN_LIBRARY_REPLAYS,Replays,Повторы матчей,
BTN_LOAD,Load,Загрузить,
BTN_LOAD_SFEN,Load SFEN,Загрузить,
BTN_MP_ENTER,Enter,Войти,
BTN_MP_JOIN,Join to main server,Присоединиться к главному серверу,
BTN_MP_LOGIN,Sign In,Вход,
BTN_MP_MAKE_REQUEST,Make request,Сделать запрос,
BTN_MP_REGISTER,Sign up,Регистрация,
BTN_MPBACK,Return to server,Вернуться на сервер,
BTN_NEWGAME,Game modes,Игровые режимы,
BTN_NO,No,Нет,
BTN_OBSERVE,Watch game,Просмотреть партию,
BTN_OBSERVE,Observe,Наблюдать,
BTN_OK,Ok,Ok,
BTN_OPEN_AI_SETTINGS,Open advanced AI settings,Открыть продвинутые настройки AI,
BTN_OPEN_PM_CHAT,Open private chat,Открыть приватный чат,
BTN_OPEN_STYLES_SETTINGS,Open advanced styles settings,Открыть продвинутые настройки стилей,
BTN_PIECE_STYLE,Piece styles,Стили фигур,
BTN_PLAY,Play,Играть,
BTN_PM,Open private chat,Открыть приватный чат,
BTN_PROFILE_LIST,Open profile list,Открыть список профилей,
BTN_QUICKGAME,Quick game,Быстрая игра,
BTN_QUICKSETUP,Quick setup,Быстрая настройка,
BTN_QUIT,Quit,Выход,
BTN_REFRESH_SERVER_LIST,Refresh servers list,Обновить список серверов,
BTN_REMATCH,Request Rematch,Запросить Реванш,
BTN_REPLAY_CONVERT_TO_MODERN_FORMAT,Convert to modern format,Конвертировать в современный формат,
BTN_RESIGN,Resign,Сдаться,
BTN_RESTORE_PASSWORD,Restore password,Восстановить пароль,
BTN_RETURN,Return to game,Возврат в игру,
BTN_RETURN_SETTINGS,Return to settings and continue editing,Вернуться в настройки и продолжить редактирование,
BTN_RETURN_TO_GAME,Return to game,Вернуться в игру,
BTN_SAVE,Save game,Сохранить игру,
BTN_SAVEREPLAY,Save replay,Сохранить повтор,
BTN_SETTINGS,Settings,Настройки,
BTN_SETTINGS_AI,AI,AI,
BTN_SETTINGS_CAMERA,Camera,Камера,
BTN_SETTINGS_COMFORT,Comfort,Удобства,
BTN_SETTINGS_GAMEPLAY,Gameplay,Игра,
BTN_SETTINGS_GRAPHICS,Graphics,Графика,
BTN_SETTINGS_HISTORY,History,История,
BTN_SETTINGS_INPUT,Input,Управление,
BTN_SETTINGS_OTHER,Other,Другие,
BTN_SETTINGS_PROFILE,Profile,Профиль,
BTN_SETTINGS_SHOWMOVES,Show moves when input over piece,Показ ходов при наведении курсора,
BTN_SETTINGS_SOUND,Sound,Звук,聲音
BTN_SETTINGS_STYLES,Styles,Стили,
BTN_SETTINGS_UI,UI,Интерфейс,
BTN_SETTINGS_WIDGETS,Widgets,Виджеты,
BTN_SETUP,Setup,Настроить,
BTN_SFEN_RESET,Default,По умолчанию,
BTN_SHOW_AI_PANEL,Show AI Panel,Показать панель AI,
BTN_SHOW_PANEL,Show panel,Показать панель,
BTN_SHOW_PROFILE,Show profile,Показать профиль,
BTN_SIGNUP,Sign Up,Зарегистрироваться,
BTN_SKIP,Skip,Пропустить,
BTN_SWITCH_PANEL_AI,Switch to AI mode,Переключить в режим AI,
BTN_SWITCH_PANEL_STYLES,Switch to styles mode,Переключить в режим стилей,
BTN_TAKEBACK,Request turn back,Запросить ход назад,
BTN_TAKEBACK,Request takeback,Запрос возрата хода,
BTN_TO_MAIN_MENU,To main menu,Перейти в главное меню,
BTN_TOGGLE_HINT_MODE,Toggle hint mode,Включить режим подсказок,
BTN_TRYAGAIN,Try again,Попытаться снова,
BTN_TUTORIALS,Tutorials,Обучение,
BTN_YES,Yes,Да,
CB_ACCEPT_PERSONAL_INFORMATION,"I accept to give personal information under keep and control of administration of this server.
",Я согласен на передачу личной информации под контроль и хранение администрации сервера.,
CB_AI_HANDICAP,Give handicap to AI player,Дать гандикап AI,
CB_AI_VS_AI,AI vs AI mode,Режим битвы двух AI,
CB_AUTOMOVE,Automatic move,Автоматический ход,
CB_AUTOPROMOTE,Automatic promotion,Автоматическое превращение,
CB_BROADCAST,Broadcast,Сделать публичным,
CB_CAMERA_ALLOW_PAN,Allow panning,Разрешить панорамирование,
CB_CAMERA_ALLOW_PITCH,Allow vertical rotation,Разрешить вертикальное вращение,
CB_CAMERA_ALLOW_YAW,Allow horizontal rotation,Разрешить горизонтальное вращение,
CB_CAMERA_ALLOW_ZOOM,Allow zooming,Разрешить масштабирование,
CB_CAMERA_RESTRICT_YAW,Restrict horizontal rotation,Ограничить горизонтальное вращение,
CB_CAMERA_SWITCH_SIDES,Switch side each turn(local game only),Переключать камеру каждый ход(только локальная игра),
CB_CLOCK_SHOW_SECONDS,Show seconds,Показывать секунды,
CB_CLOCK_SHOW_ZEROES,Lead zero in hour,Передний ноль в часе,
CB_DESC_GAME_SETUP_PRIVATE,"Same as Unrated, but users cannot join and observe your game without password","Аналогично Обычной игре, но другие игроки не смогут присоединятся и просматривать вашу игру без знания пароля",
CB_DESC_GAME_SETUP_RATED,Fight with other players for ELO points and achivements,Борьба с другими игроками за очки ELO и достижения,
CB_DESC_GAME_SETUP_UNRATED,"Relaxed game with handicap and extended timer possibility, without points","Игра без очков, но с расширенными настройками таймера и форы",
CB_ENABLED,Enable,Включить,
CB_FONT_OUTLINE,Enable font outline,Включить обводку шрифта,啟用字體輪廓
CB_GAME_ENABLE_HANDICAP,Enable handicap,Включить гандикап,
CB_GAME_ENABLE_TIMECONTROL,Enable time control,Включить контроль времени,
CB_GAME_HANDICAP_10PIECE,"10-Piece - Rook, Bishop, both Lances, both Knights, both Silvers and both Golds","10-Фигур - Ладья, Слон, оба Копья, оба Коня, оба Серебра и оба Золота",
CB_GAME_HANDICAP_2PIECE,2-Piece - Rook and Bishop,2-Фигуры - Ладья и Слон,
CB_GAME_HANDICAP_3PAWNS,"All pieces except King, gives 3 pawn for drop to hand","Все фигуры исключая Короля, даёт 3 Пешки в руку",
CB_GAME_HANDICAP_3PIECE,"3-Piece - Rook, Bishop and right Lance","3-Фигуры - Ладья, Слон и правое Копьё",
CB_GAME_HANDICAP_4PIECE,"4-Piece - Rook, Bishop and both Lances","4-Фигуры - Ладья, Слон и оба Копья",
CB_GAME_HANDICAP_5PIECE,"5-Piece - Rook, Bishop, both Lances and right Knight","5-Фигур - Ладья, Слон, оба Копья и правый Конь",
CB_GAME_HANDICAP_6PIECE,"6-Piece - Rook, Bishop, both Lances and both Knights","6-Фигур - Ладья, Слон, оба Копья и оба Коня",
CB_GAME_HANDICAP_7PIECE,"7-Piece - Rook, Bishop, both Lances, both Knights and left Silver","7-Фигур - Ладья, Слон, оба Копья, оба Коня и левое Серебро",
CB_GAME_HANDICAP_8PIECE,"8-Piece - Rook, Bishop, both Lances, both Knights and both Silvers","8-Фигур - Ладья, Слон, оба Копья, оба Коня и оба Серебра",
CB_GAME_HANDICAP_9PIECE,"9-Piece - Rook, Bishop, both Lances, both Knights, both Silvers and left Gold","9-Фигур - Ладья, Слон, оба Копья, оба Коня, оба Серебра и левое Золото",
CB_GAME_HANDICAP_BISHOP,Bishop,Слон,
CB_GAME_HANDICAP_BLACK,FixedBlack - gives other player Black side and handicap of first move,Игра за чёрных - даёт другому игроку чёрный цвет и преимущество первого хода,
CB_GAME_HANDICAP_DRAGONFLY,"Dragonfly - all except Kings, Pawns, Rook and Bishop","Стрекоза - все кроме Короля, Пешек, Ладьи и Слона",
CB_GAME_HANDICAP_DRAGONFLY_LANCES,Dragonfly with Lances,Стрекоза с Копьями,
CB_GAME_HANDICAP_DRAGONFLY_LANCES_KNIGHTS,Dragonfly with Lances and Knights,Стрекоза с Копьями и Конями,
CB_GAME_HANDICAP_LEFT_LANCE,Left Lance,Левое Копьё,
CB_GAME_HANDICAP_NAKED_KING,Only King,Только Король,只玉將
CB_GAME_HANDICAP_RIGHT_LANCE,"Right Lance
",Правое Копьё,
CB_GAME_HANDICAP_ROOK,"Rook
","Ладья
",
CB_GAME_HANDICAP_ROOK_BISHOP_LEFT_SILVER,"Rook, Bishop and left Silver","Ладья, Слон и левое Серебро",
CB_GAME_HANDICAP_ROOK_LANCE,Rook and left Lance,Ладья и левое Копьё,
CB_GAME_HANDICAP_ROOK_SILVER,Rook and Silver - you will not have Rook and right Silver,Ладья и правое Серебро,
CB_GAME_LIFTUP_PIECES,Enable lift up piece animation,Включить анимацию поднятия фигур,
CB_GAME_SETUP_PRIVATE,Private game,Приватная игра,
CB_GAME_SETUP_RATED,Rated game,Рейтинговая игра,
CB_GAME_SETUP_UNRATED,Unrated game,Обычная игра,
CB_GAME_SHOW_CASTLINGS,Show castlings,Показывать крепости,
CB_GAME_SHOW_LASTMOVE,Highlight last move,Показывать последний ход,
CB_GFX_VSYNC,Vertical synchronization,Вертикальная синхронизация,
CB_HISTORY_AUTO_SCROLL,AutoScroll,Автопрокрутка,
CB_HISTORY_AUTO_SHOW,Auto-launch history,Автозапуск истории,
CB_HISTORY_REVERT_BUTTON,Revert playback button,Кнопка воспроизведения в обратную сторону,
CB_HISTORY_TURN_SYMBOL,Show turn symbol,Показывать символ очерёдности хода,
CB_HISTORY_USE_NUMBER,Use number for Y coordinate,Использовать цифру для обозначения Y координаты,
CB_LOOPBACK,Loopback(for devs),Loopback(for devs),
CB_MP_RULES_ACCEPT,I readed and accept these rules,Я прочитал и принимаю эти правила,
CB_NOAGE,Do not specified,Не указывать,
CB_OBS,Observer mode,Режим наблюдателя,
CB_OTHER_BYE,Show goodbye screen,Показывать экран прощания,
CB_PROFILE_ENABLE_MPPASSWORD,Use main password for login to network servers,Использовать пароль для доступа к игровому серверу,
CB_PROFILE_ENABLE_PROTECTION,Enable password protection,Включить защиту паролем,
CB_QQ_SHOW_DIALOG,Show acception dialog,Показывать диалог подтверждения,
CB_REMEMBER_PASSWORD,Remember password,Запомнить пароль,
CB_REPLAYS_UPDATE_EVERY_TURN,Every turn,Обновлять каждый ход,
CB_REPLAYS_UPDATE_NO,Do not update and show,Не обновлять и не показывать ходы,
CB_REPLAYS_UPDATE_WHEN_INPUT_OVER,"Update, when input is over piece","Обновить, когда курсор над фигурой",
CB_SANSARA_ORDER_CUSTOM,Custom,Настраиваемо,
CB_SANSARA_ORDER_NEXT,Next,Следующий,
CB_SANSARA_ORDER_PREVIOUS,Previous,Предыдущий,
CB_SANSARA_ORDER_RANDOM,Random,Случайно,
CB_SOUND_ENABLE_3D,Enable 3D effect,Включить 3D эффект,
CB_SOUND_ENABLE_CHECK,Enable check and checkmate announcing,Включить звуковое оповещение о шахе и мате,
CB_SOUND_ENABLE_MOVE,Enable piece move sounds,Включить звуки передвижения фигур,
CB_SOUND_ENABLE_MUSIC,Enable music,Включить музыку,
CB_SOUND_ENABLE_SPEECH,Enable move commenting,Включить комментирование ходов,
CB_SOUND_ENABLE_UI,Enable UI sounds,Включить звуки интерфейса,
CB_STYLES_BOARD_MARKUP,Enable board markup,Включить разметку доски,
CB_STYLES_BOARD_SOLID_COLOR,Solid color,Сплошной цвет,
CB_STYLES_BOARD_TEXTURE,Texture,Текстура,
CB_STYLES_CHESS_COLORING,Chess coloring,Шахматная раскраска,
CB_STYLES_UI_COLORING,Use UI theme colors,Использовать цвета из темы UI,
CB_STYLES_ZONES_COLORING,Promotion zones coloring,Раскраска зон превращения,
CB_UI_STYLE_SIMPLE,Simple,Простой,
CB_UI_STYLE_TILES,Tiles,Тайловый,
CB_UI_TIPS_BUTTON,Button and widget tips,Подсказки для кнопок и виджетов,
CY_AAB,Antigua,Антигуа,
CY_AFGHANISTAN,Afghanistan,Афганистан,
CY_ALBANIA,Albania,Албания,
CY_ALGERIA,Algeria,Алжир,
CY_ANDORRA,Andorra,Андорра,
CY_ANGOLA,Angola,Ангола,
CY_ARGENTINA,Argentina,Аргентина,
CY_ARMENIA,Armenia,Армения,
CY_AUSTRALIA,Australia,Австралия,
CY_AUSTRIA,Austria,Австрия,
CY_AZERBAIJAN,Azerbaijan,Азербайджан,
CY_BAH,Bosnia,Босния,
CY_BAHAMAS,Bahamas,Багамы,
CY_BAHRAIN,Bahrain,Бахрейн,
CY_BANGLADESH,Bangladesh,Бангладеш,
CY_BARBADOS,Barbados,Барбадос,
CY_BELARUS,Belarus,Беларусь,
CY_BELGIUM,Belgium,Бельгия,
CY_BELIZE,Belize,Белиз,
CY_BENIN,Benin,Бенин,
CY_BHUTAN,Bhutan,Бутан,
CY_BOLIVIA,Bolivia,Боливия,
CY_BOTSWANA,Botswana,Ботсвана,
CY_BRAZIL,Brazil,Бразилия,
CY_BRUNEI,Brunei,Бруней,
CY_BULGARIA,Bulgaria,Болгария,
CY_BURKINAFASO,Burkina Faso,Буркина-Фасо,
CY_BURUNDI,Burundi,Бурунди,
CY_CAMBODIA,Cambodia,Камбоджа,
CY_CAMEROON,Cameroon,Камерун,
CY_CANADA,Canada,Канада,
CY_CAPEVERDE,Cape Verde,Кабо-Верде,
CY_CAR,CAR,ЦАР,
CY_CHAD,Chad,Чад,
CY_CHILE,Chile,Чили,
CY_CHINA,China,Китай,
CY_COLOMBIA,Colombia,Колумбия,
CY_COMOROS,Comoros,Коморы,
CY_CONGO,DRC,ДРК,
CY_CONGO2,Congo,Конго,
CY_COSTARICA,Costa Rica,Коста-Рика,
CY_CROATIA,Croatia,Хорватия,
CY_CUBA,Cuba,Куба,
CY_CYPRUS,Cyprus,Кипр,
CY_CZECH,Czech,Чехия,
CY_DENMARK,Denmark,Дания,
CY_DJIBOUTI,Djibouti,Джибути,
CY_DOMINICAN_REPUBLIC,Domin. Republic,Домин. Республика,
CY_EASTTIMOR,East Timor,Вост.Тимор,
CY_ECUADOR,Ecuador,Эквадор,
CY_EGYPT,Egypt,Египет,
CY_ELSALVADOR,El Salvador,Сальвадор,
CY_EQGUINEA,Equat.Guinea,Экват.Гвинея,
CY_ERITREA,Eritrea,Эритрея,
CY_ESTONIA,Estonia,Эстония,
CY_ETHIOPIA,Ethiopia,Эфиопия,
CY_FIJI,Fiji,Фиджи,
CY_FINLAND,Finland,Финляндия,
CY_FRANCE,France,Франция,
CY_GABON,Gabon,Габон,
CY_GAMBIA,Gambia,Гамбия,
CY_GEORGIA,Georgia,Грузия,
CY_GERMANY,Germany,Германия,
CY_GHANA,Ghana,Гана,
CY_GREECE,Greece,Греция,
CY_GRENADA,Grenada,Гренада,
CY_GUATEMALA,Guatemala,Гватемала,
CY_GUINEA,Guinea,Гвинея,
CY_GUINEA_BISSAU,Guinea-Bissau,Гвинея-Бисау,
CY_GUYANA,Guyana,Гайана,
CY_HAITI,Haiti,Гаити,
CY_HONDURAS,Honduras,Гондурас,
CY_HUNGARY,Hungary,Венгрия,
CY_ICELAND,Iceland,Исландия,
CY_INDIA,India,Индия,
CY_INDONESIA,Indonesia,Индонезия,
CY_IRAN,Iran,Иран,
CY_IRAQ,Iraq,Ирак,
CY_IRELAND,Ireland,Ирландия,
CY_ISRAEL,Israel,Израиль,
CY_ITALY,Italy,Италия,
CY_JAMAICA,Jamaica,Ямайка,
CY_JAPAN,Japan,Япония,
CY_JORDAN,Jordan,Иордания,
CY_KENYA,Kenya,Кения,
CY_KIRIBATI,Kiribati,Кирибати,
CY_KUWAIT,Kuwait,Кувейт,
CY_KYRGYZSTAN,Kyrgyzstan,Киргизия,
CY_KZ,Kazakhstan,Казахстан,
CY_LAOS,Laos,Лаос,
CY_LATVIA,Latvia,Латвия,
CY_LIBERIA,Liberia,Либерия,
CY_LIBYA,Libya,Ливия,
CY_LIECHTENSTEIN,Liechtenstein,Лихтенштейн,
CY_LITHUANIA,Lithuania,Литва,
CY_LUXEMBOURG,Luxembourg,Люксембург,
CY_MACEDONIA,Macedonia,Македония,
CY_MADAGASCAR,Magadascar,Магадаскар,
CY_MALAWI,Malawi,Малави,
CY_MALAYSIA,Malaysia,Малайзия,
CY_MALDIVES,Maldives,Мальдивы,
CY_MALI,Mali,Мали,
CY_MALTA,Malta,Мальта,
CY_MAURITIUS,Mauritius,Маврикий,
CY_MEXICO,Mexico,Мехико,
CY_MICRONESIA,Micronesia,Микронезия,
CY_MOLDOVA,Moldova,Молдавия,
CY_MONACO,Monaco,Монако,
CY_MONGOLIA,Mongolia,Монголия,
CY_MONTENEGRO,Montenegro,Черногория,
CY_MOROCCO,Morocco,Марокко,
CY_MOZAMBIQUE,Mozambique,Мозамбик,
CY_MYANMAR,Myanmar,Мьянма,
CY_NAMIBIA,Namibia,Намибия,
CY_NAURU,Nauru,Науру,
CY_NEPAL,Nepal,Непал,
CY_NETHERLANDS,Netherlands,Нидерланды,
CY_NEW_ZEALAND,New Zealand,Новая Зеландия,
CY_NICARAGUA,Nicaragua,Никарагуа,
CY_NIGER,Niger,Нигер,
CY_NIGERIA,Nigeria,Нигерия,
CY_NORTH_KOREA,North Korea,Северная Корея,
CY_NORWAY,Norway,Норвегия,
CY_OMAN,Oman,Оман,
CY_OTHER_USSR,Soviet Union,Советский Союз,
CY_PAKISTAN,Pakistan,Пакистан,
CY_PALAU,Palau,Палау,
CY_PALESTINE,Palestine,Палестина,
CY_PANAMA,Panama,Панама,
CY_PAPUA,Papua,Папуа,
CY_PARAGUAY,Paraguay,Парагвай,
CY_PERU,Peru,Перу,
CY_PHILIPPINES,Philippines,Филиппины,
CY_POLAND,Poland,Польша,
CY_PORTUGAL,Portugal,Португалия,
CY_QATAR,Qatar,Катар,
CY_ROMANIA,Romania,Румыния,
CY_RUSSIA,Russia,Россия,
CY_RWANDA,Rwanda,Руанда,
CY_SAINT_KITTS,Saint Kitts,Сент-Китс,
CY_SAINT_LUCIA,Saint Lucia,Сент-Люсия,
CY_SAINT_VINCENT,Saint Vincent,Сент-Винсент,
CY_SAMOA,Samoa,Самоа,
CY_SAN_MARINO,San Marino,Сан-Марино,
CY_SAO_TOME,São Tomé,Сан-Томе,
CY_SAUDI_ARABIA,Saudi Arabia,Саудовская Аравия,
CY_SENEGAL,Senegal,Сенегал,
CY_SERBIA,Serbia,Сербия,
CY_SEYCHELLES,Seychelles,Сейшеллы,
CY_SIERRA_LEONE,Sierra Leone,Сьерра-Леоне,
CY_SINGAPORE,Singapore,Сингапур,
CY_SLOVAKIA,Slovakia,Словакия,
CY_SLOVENIA,Slovenia,Словения,
CY_SOLOMON_ISLANDS,Solomon Islands,Соломоновы Острова,
CY_SOUTH_AFRICA,South Africa,Южная Африка,
CY_SOUTH_KOREA,South Korea,Южная Корея,
CY_SOUTH_SUDAN,South Sudan,Южный Судан,
CY_SPAIN,Spain,Испания,
CY_SRI_LANKA,Sri Lanka,Шри-Ланка,
CY_SUDAN,Sudan,Судан,
CY_SURINAME,Suriname,Суринам,
CY_SWAZILAND,Swaziland,Свазилэнд,
CY_SWEDEN,Sweden,Швеция,
CY_SWITZERLAND,Switzerland,Швейцария,
CY_SYRIA,Syria,Сирия,
CY_TAIWAN,Taiwan,Тайвань,
CY_TAJIKISTAN,Tajikistan,Таджикистан,
CY_TANZANIA,Tanzania,Танзания,
CY_THAILAND,Thailand,Таиланд,
CY_TOGO,Togo,Того,
CY_TONGA,Tonga,Тонга,
CY_TRINIDAD,Trinidad,Тринидад,
CY_TUNISIA,Tunisia,Тунис,
CY_TURKEY,Turkey,Турция,
CY_TURKMENISTAN,Turkmenistan,Туркменистан,
CY_TUVALU,Tuvalu,Тувалу,
CY_UAE,Emirates,Эмираты,
CY_UGANDA,Uganda,Уганда,
CY_UK,United Kingdom,Англия,
CY_UKRAINE,Ukraine,Украина,
CY_UNKNOWN,Not specified,Не указана,
CY_URUGUAY,Uruguay,Уругвай,
CY_USA,USA,США,
CY_UZBEKISTAN,Uzbekistan,Узбекистан,
CY_VANUATU,Vanuatu,Вануату,
CY_VATICAN,Vatican,Ватикан,
CY_VENEZUELA,Venezuela,Венесуэла,
CY_VIETNAM,Vietnam,Вьетнам,
CY_YEMEN,Yemen,Йемен,
CY_ZAMBIA,Zambia,Замбия,
CY_ZIMBABWE,Zimbabwe,Зимбабве,
DESC_ACCEPT,Accepted !,Принято !,
DESC_ADV_AI_SETTINGS,Advanced AI settings,Подробные настройки AI,
DESC_AI_DIFFICULTY,Difficulty:,Сложность:,
DESC_AI_LOG,Open,Настройки AI,
DESC_AI_SETTINGS,AI settings,Настройки AI,
DESC_AI_SIDE,This parameter has no meaning in AI vs AI game,Этот параметр не имеет значения в режиме AI против AI,
DESC_AWAITING,Awaiting other player…,Ожидание второго игрока...,
DESC_BYOYOMI,Byo-yomi:,Бёёми:,
DESC_CLIENT_RECONNECTED,Client is reconnected,Клиент подсоединился заново,
DESC_CONFIRMATION_ERRORS,"There are some input errors in your profile.
Please, go back to previous screen and fix them.","К сожалению при заполнении профиля были допущены ошибки. 
Пожалуйста вернитесь на предыдущий экран и исправьте их.",
DESC_CONNECT_TARGET,Connection target,Режим присоединения,
DESC_CONNECTING,Connecting…,Соединение…,
DESC_COUNTRIES,Note : Some countries with bad internet are not included in that list,Замечание: некоторые страны с плохим интернетом были исключены из этого списка,
DESC_DELETE_FILE,Do you really want to irredeemably delete this file ?,Вы точно хотите безвозвратно удалить этот файл ?,
DESC_DELETE_PROFILE,"Are you sure you want to reset all settings ?
(After this game will be closed)","Вы уверены что хотите сбросить все настройки ?
(После этого произойдёт выход из игры)",
DESC_DRAW,Draw,Ничья,
DESC_ENGINE_NOT_FOUND_ERROR,"Engine is not selected ! 
Use button below to fix it.","Движок не выбран ! 
Воспользуйтесь кнопкой ниже чтобы это исправить.",
DESC_ERROR_LOW_RESOLUTION,"Low resolution !
Resolution below 1920x1080 is not yet supported by this game
In future this restriction can be lowered to 1366x768","Низкое разрешение экрана !
Разрешения ниже 1920x1080 ещё не поддерживаются этой игрой
В будущем возможно снижение ограничения до 1366x768",
DESC_FIRST_PROFILE,"Game does not detect any profiles on your PC.
These profiles saves your personal settings, so you must have at least one
to save them.
Later, you can create multiple profiles (ex.. for your siblings).
You can also enter as quest, in that case, many game settings and functions will be unavailable.","Игра не обнаружила у вас ни одного профиля.
Игра хранит ваши персональные настройки в профиле, 
поэтому его создание необходимо, чтобы сохранять их.
Позже вы сможете создать несколько профилей (к примеру для своих родственников).
Вы также можете войти как гость, в этом случае, многие настройки и функции будут недоступны.",
DESC_FOLDER_IS_EMPTY,Folder is empty,Папка пуста,
DESC_GAME_IS_FULL,"Slots are full.
You cannot join as player.","Все места заняты.
Вы не можете присоединиться к ней как игрок.",
DESC_GAME_IS_FULL2,"Slots are full.
You cannot join as observer.","Все места заняты.
Вы не можете приосединиться к ней как наблюдатель",
DESC_GAME_NAME,Game name:,Имя игры:,
DESC_GAMEOVER,Game over,Игра закончена,
DESC_HISTORY_NOTATION_FULL,Full,Полная,
DESC_HISTORY_NOTATION_JAPANESE,Japanese,Японская,
DESC_HISTORY_NOTATION_SHORT,Short,Укороченная,
DESC_HISTORY_PAUSE_DURATION,Pause duration:,Длина паузы:,
DESC_HOST_ERROR,Server creation error :,Ошибка создания сервера :,
DESC_HOST_ERROR_ALREADY_IN_USE,Server already created,Сервер уже создан,
DESC_HOST_ERROR2,Server could not be created,Сервер не может быть создан,
DESC_HOST_SIDE,Your side:,Ваша сторона:,
DESC_INPUT_CITY,"50 symbols where you could define your city.
Only latin letters and ""-"" symbol are accepted.","50 символов в который вы можете поместить свой город.
Принимаются только латинские буквы и символ ""-"".",
DESC_INPUT_COUNTRY,"You can choose your country by pressing this button
You can also leave it as unspecified","Вы можете выбрать свою страну нажав эту кнопку
Вы также можете оставить её неопределённой",
DESC_INPUT_DEFAULT,to set key to default,для сброса на значение по умолчанию,
DESC_INPUT_DELETE,or [Backspace] to set key to null,или [Backspace] чтобы стереть значение,
DESC_INPUT_EMAIL,"EMail cannot be longer than 30 symbols
If you lose your password you can send message(from this email) to Server Master(chaosus89@gmail.com) in order to restore access
If you leave this message empty or enter invalid data, you cannot restore your password and can lose access to your account forever
This email is private and only Server Master have access to it","EMail не может быть длиннее 30 символов
Если вы потеряли ваш пароль, вы можете послать просьбу восстановление(с этого адреса) на почту Мастера Сервера(chaosus89@gmail.com) для восстановления доступа
Если вы оставите это поле пустым или введёте неправильные данные, вы не сможете восстановить свой пароль и можете потерять доступ к своему аккаунту навсегда
Этот адрес приватный и только Мастер Сервера имеет доступ к нему.",
DESC_INPUT_MP_AVATAR,You can change your avatar by clicking on it.,Вы можете изменить свой аватар нажав на него.,
DESC_INPUT_MP_COUNTRY,"You can change your country, by clicking this button","Вы можете изменить свою страну, нажав эту кнопку",
DESC_INPUT_MP_FIRSTNAME,"Be careful, in order to prevent abusing, 
your first name can be changed only one time per hour.","Будьте внимательны, в целях предотвращения злоупотреблений, 
настоящее имя разрешено менять лишь раз в час.",
DESC_INPUT_MP_LASTNAME,"Be careful, in order to prevent abusing, 
your last name can be changed only one time per hour.","Будьте внимательны, в целях предотвращения злоупотреблений,
фамилию разрешено менять лишь раз в час.",
DESC_INPUT_MP_USERNAME,"Be careful, in order to prevent abusing, 
your username can be changed only one time per hour.","Будьте внимательны, в целях предотвращения злоупотреблений, 
имя аккаунта разрешено менять лишь раз в час.",
DESC_INPUT_PASSWORD,"Password cannot be less than 3 symbols and longer than 20
You can use any combination of latin or non-latin symbols and numbers","Пароль не может быть меньше 3 символов и длиннее 20
Вы можете использовать любую комбинацию из латинских и не-латинских букв и цифр, включая специальные символы",
DESC_INPUT_USE,Use,Используйте,
DESC_INPUT_USERNAME,"Username cannot be shorter than 3 symbols and longer than 12
These symbols should be latin letters in either capitals or numbers","Имя пользователя не может быть короче 3 символов и длиннее 12
Эти символы должны быть латинскими буквами в любом регистре или цифрами",
DESC_JOIN_ERROR,Joining error :,Ошибка присоединения :,
DESC_JOIN_ERROR_ALREADY_IN_USE,You already joined to this server !,Вы уже присоединены к этому серверу !,
DESC_JOIN_ERROR_SERVER_NOT_ANSWER,Server did not answer,Сервер не ответил,
DESC_JOINING_TO,Joining to,Присоединение к,
DESC_LOADING,Loading game...,Загружаем игру...,
DESC_LOCAL_SIDE,This parameter has no meaning in local game,Этот параметр не имеет значения в локальной игре,
DESC_MINUTES,Minutes:,Минуты:,
DESC_MP_ALREADY_JOINED,"You have already joined to game.
Please leave it before join.","Вы уже присоединены к игре.
Пожалуйста покиньте её прежде чем начинать новую.",
DESC_MP_GAME_IS_STARTED,Game is already started. Do you want join as watcher ? (not implemented yet),Игра уже запущена. Хотите присоединиться в качестве наблюдателя ? (not implemented yet),
DESC_MP_JOIN_CONFIRM,player wants to join into your room,хочет присоединиться к вашей комнате,
DESC_MP_JOIN_DECLINE,refused to accept you in room.,отклонил ваш запрос на присоединение к комнате.,
DESC_MP_RULE_VERSION,Version 1.0,Версия 1.0,
DESC_NICKNAME,"- Nickname cannot be empty or contains less than 3 symbols.
- Nickname can contain only latin letters in lower case and numbers ","- Никнейм не может быть пустым или содержать меньше 3 символов
- Никнейм может содержать только латинские буквы в нижнем регистре и цифры",
DESC_NICKNAME_ERROR,Error in nickname,Ошибка в никнейме,
DESC_NICKNAME_INPUT,"Nickname:
Supported lower and upper case latin letters and numbers
Up to 16 symbols","Ник:
Поддерживаются латинские буквы в обоих регистрах и цифры
До 16 символов",
DESC_OBSERVER,Observer,Наблюдатель,
DESC_OTHER_HANDICAPS,In all handicapped games you will play first as Black,Во всех форовых играх вы будете ходить первым за Чёрных,
DESC_PANEL_TRANSPARENCY,Panel's transparency:,Прозрачность панелей:,
DESC_PARSE_NOT_READY,"String validation is not yet implemented.
If you pass an incorrect string, the game is likely will crash","Проверка строки на правильность еще не внедрена в игру.
Если вы ввели неправильную строку, игра скорее всего вылетит.",
DESC_PASSWORD,"- Password cannot be empty or contains less than 3 symbols.
- Password can contain only latin letters in any case and numbers","- Пароль не может быть пустым или содержать меньше 3 символов
- Пароль может содержать только латинские буквы в любом регистре и цифры",
DESC_PASSWORD_ERROR,Error in password,Ошибка в пароле,
DESC_PASSWORD_INPUT,"Password:
Supported lower and upper case latin letters and numbers
Up to 18 symbols","Пароль:
Поддерживаются латинские буквы в обоих регистрах и цифры
До 18 символов",
DESC_PCHECK,Perpetual Check,Вечный шах,
DESC_PORT,Port:,Порт:,
DESC_PROFILE_SECURITY_NAME_USAGE,Dont show first name and last name to non-friend players,Не показывать настоящее имя и фамилию игрокам не из списка друзей,
DESC_PROFILE_SUCCESS,"Profile successfully created.
We recommend you to use a quick setup option and customize your game experience as much as you like.","Профиль успешно создан.
Мы рекомендуем вам воспользоваться опцией быстрой настройки, чтобы настроить интерфейс по своему вкусу.",
DESC_RECONNECT,Connection broken. Reconnecting...,Соединение разорвано. Восстановление связи...,
DESC_RESIGN,Are you sure you want to resign ?,Вы уверены что хотите сдаться ?,
DESC_RESTORE_PASSWORD,"Game can ask server for lost password.
If your IP address does not changed, the server will return it to you.
You can make only one request per day.
You can also register new account.","Игра может запросить сервер вернуть пароль.
Если ваш IP адрес не изменялся, сервер вернет вам его.
Вы можете сделать только одну попытку в день.
Если ничего не удаётся, вам придётся зарегистрироваться заново.",
DESC_SAVE,Do you want to save a game ?,Вы хотите сохранить игру ?,
DESC_SD,Are you sure you want to leave a game ?,Вы уверены что хотите покинуть игру ?,
DESC_SD_MP,Are you sure you want to leave a game and close a server ?,Вы уверены что хотите покинуть игру и закрыть сервер ?,
DESC_SD2,Game is already started,Игра уже стартовала,
DESC_SERVER_CREATION,Server creation…,Создание сервера…,
DESC_SERVER_SD,"Remote server is shutdowned, gameover","Удалённый сервер закрылся, игра окончена",
DESC_SETTINGS_CHANGED,You changed some settings. What do you want to do next ?,Вы изменили некоторые настройки. Ваши дальнейшие действия ?,
DESC_SETTINGS_SECTION_GAMEPLAY,Here you can change a gameplay preferences,Здесь вы можете изменить общие игровые настройки,
DESC_SETTINGS_SECTION_GRAPHICS,"Here you can change the various graphics settings,
and improve game performance on your PC","Здесь вы можете изменить различные настройки графики и
улучшить игровую производительность на вашем ПК",
DESC_SETTINGS_SECTION_INPUT,"Use any key combination
Backspace - resets value to default
Escape - cancels current input
Enter - clear input","Используйте любую комбинацию кнопок
Backspace - сбрасывает на значение по умолчанию
Escape - отменяет текущий ввод
Enter - очищает ввод",
DESC_SETTINGS_SECTION_WIDGETS,"In this submenu you can setup your widgets as you like.
Widgets are placed on the top bar.
Note that not all widgets can be visible at once, game have limit on widgets, it
depends of your screen resolution.","В этом подменю вы можете настроить ваши виджеты как вам угодно.
Виджеты помещаются на верхней панели.
Заметьте что не все виджеты могут помещаться, поэтому игра имеет максимальное ограничение,
в зависимости от вашего разрешения экрана.",
DESC_TAKEBACK,"Other player request takeback. 
Accept ?","Другой игрок запрашивает возврат хода. 
Разрешить ?",
DESC_TAKEBACK_NO,Other player declined to do takeback !,Другой игрок не захотел возвращать ход !,
DESC_TAKEBACK_YES,Takeback approved !,Возврат хода одобрен !,
DESC_THEME,Choose interface theme.,Выберите тему интерфейса.,
DESC_UPDATE_GAMES,Updating list...,Обновляю список...,
DESC_USERNAME_INPUT,Login:,Логин:,
DESC_WELCOME,"Greetings in Modern Shogi. Game gives you many possibilities and before we can start, we can help you to setup basic personal settings for yourself. You can skip this step and use settings to configure yourself.","Greetings in Modern Shogi. Game gives you many possibilities and before we can start, we can help you to setup basic personal settings for yourself. You can skip this step and use settings to configure yourself.",
DESC_WIDGET_CLOCK,Local time of PC,Текущее время на ПК,
DESC_WIDGET_QUIT,Instant exit from the game,Немедленный выход из игры,
DESC_WIDGET_SANSARA,Used for theme switching,Используется для переключения тем,
FMT_81DOJO_KIF,(81Dojo KIF),(81Dojo KIF),
FMT_MODERN_KIF,(Modern KIF),(Modern KIF),
GAME_RESULT_CHECKMATE,Checkmate,Мат,
GAME_RESULT_DECLARE_WIN,Declare win,Объявление победы,
GAME_RESULT_DISCONNECT,Disconnect,Обрыв связи,
GAME_RESULT_ILLEGAL_MOVE,Illegal move,Неправильный ход,
GAME_RESULT_IMPASSE,Draw by impasse,Импасс,
GAME_RESULT_PERPETUAL_CHECK,Perpetual check,Вечный шах,
GAME_RESULT_REPETITION,Draw by repetition,Ничья повторами ходов,
GAME_RESULT_RESIGN,Resign,Проигрыш,
GAME_RESULT_TRYRULE_WIN,Throne captured,Захват трона,
GAME_TITLE,Modern Shogi,Modern Shogi,
GAME_TITLE_V,Modern Shogi,Modern Shogi,
HEADER_GAMETYPE,Type,Тип,
HEADER_HANDICAP,Handicap,Гандикап,
HEADER_PLACES,Places,Места,
HEADER_PLAYERS,Players,Игроки,
HEADER_SERVER_DESC,Description,Описание,
HEADER_TURN_COUNT,Turn,Ходы,
HTITLE_SETTINGS_SECTION_GAMEPLAY,Gameplay settings,Настройки игры,
HTITLE_SETTINGS_SECTION_GRAPHICS,Graphics settings,Настройки графики,
HTITLE_SETTINGS_SECTION_INPUT,Input settings,Настройки управления,
HTITLE_SETTINGS_SECTION_WIDGETS,Widget settings,Настройки виджетов,
KEY_CAMERA_DOWN,Camera : Down,Камера: Вниз,
KEY_CAMERA_LEFT,Camera: Left,Камера: Влево,
KEY_CAMERA_RESET,Camera: Reset,Камера: Сброс,
KEY_CAMERA_RIGHT,Camera : Right,Камера: Вправо,
KEY_CAMERA_UP,Camera : Up,Камера: Вверх,
KEY_FLIP_BOARD,Flip Board,Перевернуть Доску,
KEY_HISTORY_BACKWARD,History: Step Backward,История: Ход Назад,
KEY_HISTORY_FORWARD,History: Step Forward,История: Ход Вперёд,
KEY_HISTORY_PLAY,History: Playback,История: Воспроизведение,
KEY_HISTORY_PLAY_REVERSED,History: Playback(reversed),История: Обратное воспроизведение,
KEY_HISTORY_SHOW,History: Show Panel,История: Показать Панель,
KEY_HISTORY_TO_END,History: Rewind To Last,История: Перемотка В Конец,
KEY_HISTORY_TO_START,History: Rewind To First,История: Перемотка В Начало,
KEY_TOGGLE_HINT_MODE,Toggle Hint Mode,Включить Режим Подсказок,
LABEL_AGE,Age,Возраст,
LABEL_AGE,Age:,Возраст:,
LABEL_AGE_CHANGED,Age was changed,Возраст был изменён,
LABEL_ANIM_SPEED,Piece Movement Speed:,Скорость Передвижения Фигур:,
LABEL_AVATAR_CHANGED,Avatar was changed,Аватар был изменён,
LABEL_AWAIT_NAME,[...],[...],
LABEL_BLACK,Black,Чёрная,
LABEL_BLACK_WINS,Black Wins,Чёрные победили,
LABEL_BLACK2,Black,Чёрное,
LABEL_BLACK3,Black,Чёрный,
LABEL_BLACK4,Black,Чёрные,
LABEL_CHECK,Check,Шах,
LABEL_CHECK,Check !,Шах !,
LABEL_CHECKMATE,Checkmate,Мат,
LABEL_CHECKMATE,Checkmate,Мат,
LABEL_CHOOSE_ACTION,Choose action,Выберите действие,
LABEL_CHOOSE_ACTION,Choose next action,Выберите дальнейшее действие,
LABEL_CHOOSE_LANGUAGE,Choose your language to continue,Выберите ваш язык,
LABEL_CITY,City:,Город:,
LABEL_CITY_CHANGED,City was changed,Город был изменён,
LABEL_COUNTRY,Country:,Страна:,
LABEL_COUNTRY_CHANGED,Country was changed,Страна была изменена,
LABEL_COUNTRY_DESC,Country:,Страна:,
LABEL_COUNTRY2,Country,Страна,
LABEL_CURRENT_SONG,Current track:,Текущий трэк:,
LABEL_DAYS,Days:,Дни:,
LABEL_DESCRIPTION_CHANGED,Description was changed,Описание было изменено,
LABEL_DIR_FILECOUNT,File count:,Кол-во файлов:,
LABEL_DIR_FILECOUNT2,File count in sub-dirs:,Кол-во файлов в под-папках:,
LABEL_DIR_SUBDIR_COUNT,Sub-dir count:,Кол-во под-папок:,
LABEL_DIR_TYPE_NORMAL,Ordinary directory,Обычная папка,
LABEL_DIR_TYPE_ROOT,Root directory,Корневая папка,
LABEL_DISCONNECTED,Other player disconnected !,Другой игрок отсоединился !,
LABEL_DISCONNECTED2,has been defeated by disconnection !,проиграл оборвав связь !,
LABEL_EMAIL_CHANGED,EMail was changed,EMail был изменён,
LABEL_ESTIMATED_UNBAN,Estimated time for unban,Время до снятия бана,
LABEL_EXTRA_PROFILE_ATTENTION,"Theses options can be used in multiplayer game.
However, you can disable it or not use at all.
Email is not used in public and reserved for future.","Эти сведения могут быть использованы в сетевой игре.
Однако, вы можете отключить их использование или не указывать вообще.
Email не будет показан другим игрокам и зарезервирован на будущее.",
LABEL_EXTRA_PROFILE_TITLE,Optional info,Необязательные сведения,
LABEL_FILENAME,File name:,Имя файла:,
LABEL_FIRST_INIT,First initialization,Первичная настройка,
LABEL_FIRSTNAME_CHANGED,First Name was changed,Настоящее имя пользователя было изменено,
LABEL_GAME_NAME_SHOGI,Shogi,Сёги,
LABEL_GENDER,Gender:,Пол:,
LABEL_GENDER_CHANGED,Gender was changed,Пол был изменен,
LABEL_GFX_RESOLUTION,Resolution(need restart):,Разрешение экрана(требуется перезапуск):,
LABEL_GOTE,Gote,Готэ,
LABEL_GOTE_CHECKMATE,Checkmate. Black wins !,Мат ! Чёрные победили.,
LABEL_GOTE_ILLEGAL_MOVE,Illegal move. Black wins !,Неправильный ход. Чёрные победили !,
LABEL_GRID_THICKNESS,Grid thickness,Толщина линий сетки,
LABEL_HANDICAP_BISHOP,Bishop,Слон,
LABEL_HANDICAP_DRAGONFLY,Dragonfly,Стрекоза,
LABEL_HANDICAP_DRAGONFLY_KNIGHTS,Dragonfly with Lances and Knights,Стрекоза с Копьями и Конями,
LABEL_HANDICAP_DRAGONFLY_LANCES,Dragonfly,Стрекоза с Копьями,
LABEL_HANDICAP_LEFT_LANCE,Lance,Копьё,
LABEL_HANDICAP_NONE,None,Нет,
LABEL_HANDICAP_ONLY_KING,Only King,Только Король,只玉將
LABEL_HANDICAP_PAWNS3,Pawns3,(3)Пешки,
LABEL_HANDICAP_PIECE10,Piece3,(10)Фигуры,
LABEL_HANDICAP_PIECE2,Piece2,(2)Фигуры,
LABEL_HANDICAP_PIECE3,Piece3,(3)Фигуры,
LABEL_HANDICAP_PIECE4,Piece4,(4)Фигуры,
LABEL_HANDICAP_PIECE5,Piece5,(5)Фигуры,
LABEL_HANDICAP_PIECE6,Piece6,(6)Фигуры,
LABEL_HANDICAP_PIECE7,Piece7,(7)Фигуры,
LABEL_HANDICAP_PIECE8,Piece8,(8)Фигуры,
LABEL_HANDICAP_PIECE9,Piece3,(9)Фигуры,
LABEL_HANDICAP_ROOK,Rook,Ладья,
LABEL_HANDICAP_ROOK_LEFT_LANCE,Rook and Lance,Ладья и Копьё,
LABEL_HISTORY,History,История,
LABEL_HISTORY_ELEMENT_COUNT,Element count:,Количество элементов:,
LABEL_HISTORY_SCALE,Panel size:,Размер панели:,
LABEL_HOURS,Hours:,Часы:,
LABEL_ILLEGAL_MOVE,has been defeated by making illegal move !,проиграл сделав неправильный ход !,
LABEL_IS_WINNER,is victorious !,побеждает !,
LABEL_KEY_CAMERA_PITCH,Camera vertical rotation,Вертикальное вращение камеры,
LABEL_KEY_CAMERA_RESET,Camera reset,Сброс камеры,
LABEL_KEY_CAMERA_YAW,Camera horizontal rotation,Горизонтальное вращение камеры,
LABEL_KEY_HISTORY,Open history,Открыть историю,
LABEL_KEY_HISTORY_BACK,History back,Назад по истории,
LABEL_KEY_HISTORY_FORWARD,History forward,Вперёд по истории,
LABEL_LASTNAME_CHANGED,Last Name was changed,Фамилия была изменена,
LABEL_LOADING,Loading:,Загрузка,
LABEL_LOSS,Loss,Поражение,
LABEL_LOSS2,You have lost,Вы проиграли,
LABEL_MINUTES,Minutes:,Минуты:,
LABEL_MINUTES2,min.,мин.,
LABEL_MINUTES3,m.,м.,
LABEL_MP_GAME_PRIVATE,Private game,Приватная игра,
LABEL_MP_GAME_RATED,Rated game,Рейтинговая игра,
LABEL_MP_GAME_UNRATED,Unrated game,Игра без рейтинга,
LABEL_MP_GAMES,Rooms:,Комнаты:,
LABEL_MP_OPEN_GAMES,Open games:,Открытые игры:,
LABEL_MP_SAVE_CONFIRM,Do you want to save your changes ?,Вы хотите сохранить изменения ?,
LABEL_MP_USERS,Players,Игроки,
LABEL_MP_USERS_ALL,All:,Всего:,
LABEL_MP_USERS_ONLINE,Online:,Онлайн:,
LABEL_MSG_ERROR,Error,Ошибка,
LABEL_MUSIC_ORDER,Play order:,Порядок воспроизведения:,
LABEL_NEW_ACTIONS,Choose next action:,Выберите дальнейшее действие:,
LABEL_OPEN,Open games:,Открытых игр:,
LABEL_OPP_CHECKMATE,Opponent have loss a game by checkmate !,Вы поставили мат королю соперника и победили !,
LABEL_OPP_RESIGN,Opponent have loss a game by resign !,Противник проиграл игру, сдавшись вам !
LABEL_OR,Or,Или,
LABEL_PASSWORD_CHANGED,Password was changed,Пароль был изменён,
LABEL_PERSONAL_INFORMATION,Optional personal information,Необязательная персональная информация,
LABEL_PROFILE_AGE,Age:,Возраст:,
LABEL_PROFILE_CITY,City:,Город:,
LABEL_PROFILE_DESCRIPTION,Description:,О себе:,
LABEL_PROFILE_EMAIL,EMail:,EMail:,
LABEL_PROFILE_FIRST_NAME,First Name:,Имя:,
LABEL_PROFILE_GENDER,Gender:,Пол:,
LABEL_PROFILE_LAST_NAME,Last Name:,Фамилия:,
LABEL_PROFILE_PASSWORD,Password:,Пароль:,
LABEL_PROFILE_PROTECTION,Security,Безопасность,
LABEL_PROFILE_USERNAME,Username:,Имя:,
LABEL_LOCAL_NAME,Local player name:,Локальное имя профиля:,
LABEL_PROMOTION,Promotion,Превращение,
LABEL_RANDOM,Random,Случайная,
LABEL_REPLAY_DATE,Date:,Дата:,
LABEL_REPLAY_DONE,Replay done,Повтор окончен,
LABEL_REPLAY_DONE2,Replay done:,Повтор окончен:,
LABEL_REPLAY_GOTE_NAME,White player:,Белый игрок:,
LABEL_REPLAY_HANDICAP,Handicap:,Фора:,
LABEL_REPLAY_MOVECOUNT,Move count:,Кол-во ходов:,
LABEL_REPLAY_NAME,Replay name:,Имя повтора:,
LABEL_REPLAY_PLACE,Place:,Место:,
LABEL_REPLAY_RESULT,Result:,Результат:,
LABEL_REPLAY_SAVED,Replay saved in :,Повтор сохранён в :,
LABEL_REPLAY_SENTE_NAME,Black player:,Чёрный игрок:,
LABEL_REPLAY_TIMECONTROL,Time control:,Контроль времени:,
LABEL_REPLAY_WINNER,Winner:,Победитель:,
LABEL_RESIGN,You have resigned !,Вы сдались !,
LABEL_RESIGN2,resigned,сдался,
LABEL_SECONDS,Seconds:,Секунды:,
LABEL_SECONDS2,sec.,сек.,
LABEL_SECONDS3,s.,с.,
LABEL_SENTE,Sente,Сэнтэ,
LABEL_SENTE_CHECKMATE,Checkmate. White wins !,Мат ! Белые победили.,
LABEL_SENTE_ILLEGAL_MOVE,Illegal move. White wins !,Неправильный ход. Белые победили !,
LABEL_SERVER_CLOSED,Master server was closed,Мастер сервер завершил работу,
LABEL_SERVER_CONNECTION,Connection...,Соединение...,
LABEL_SERVER_CONNECTION_FAIL,Cannot establish connection to master server !,Не могу установить соединение с мастер сервером !,
LABEL_SERVER_COUNT_DESC,Found,Найдено,
LABEL_SERVER_COUNT_DESC2,games,игры,
LABEL_SERVER_COUNT_DESC3,games,игр,
LABEL_SERVER_ERROR,Error code =,Ошибка код =,
LABEL_SERVER_LIST_EMPTY,Game list is empty,Список игр пуст,
LABEL_SERVER_LIST_ONE,Found 1 server,Найден 1 сервер,
LABEL_SFEN,SFEN,SFEN,
LABEL_SFEN_TEST,Test SFEN string:,Тестовая строка SFEN:,
LABEL_UNKNOWN_ERROR,Unknown error,Неизвестная ошибка,
LABEL_USERNAME_CHANGED,Username was changed,Имя пользователя было изменено,
LABEL_VICTORY,Victory,Победа,
LABEL_VICTORY,You are victorious !,Вы победили !,
LABEL_VICTORY2,You are victorious !,Вы победили !,
LABEL_VOLUME,Volume:,Громкость:,
LABEL_WHITE,White,Белая,
LABEL_WHITE_WINS,White wins,Белые победили,
LABEL_WHITE2,White,Белое,
LABEL_WHITE3,White,Белый,
LABEL_WHITE4,White,Белые,
LABEL_WIDGET_CLOCK,Clock,Часы,
LABEL_WIDGET_QUICK_QUIT,Quick Quit,Быстрый Выход,
LABEL_WIDGET_SANSARA,Sansara Ring,Колесо Сансары,轮回轮
LABEL_WINSIDE_GOTE,Gote Victory,Победа Готэ(белые),
LABEL_WINSIDE_SENTE,Sente Victory,Победа Сэнтэ(чёрные),
LABEL_WON,won,победил,
LABEL_YOU_SELECT_USER,You select,Вы выбрали,
LB_GOODBAY1,Good bay ! :),До свидания ! :),
LB_GOODBAY2,Thanks you for pays attention to this game !,Спасибо что провели время за игрой !,
LB_GOODBAY3,We hope you enjoy !,Надеемся вам понравилось,
LB_QUIT_QUESTION,Are you sure you want to quit ?,Вы уверены что хотите выйти ?,
MP_ACCOUNT_SUSPENDED,Your account have been blocked !,Ваш аккаунт заблокирован !,
MP_ACCOUNT_SUSPENDED,Account suspended,Действие аккаунта приостановлено,
MP_AGREEMENT,Accept for transfering personal data,Согласен на обработку персональных данных,
MP_AWAIT,Awaiting…,Ожидание…,
MP_BAN,ban,забанил,
MP_BAN_REASON_CHEATING,Reason: Cheating,Причина: Нечестная игра,
MP_BAN_REASON_EMPTY,Reason: Just like that,Причина: Просто так,
MP_BAN_REASON_OFFENDING,Reason: Offending other players,Причина: Оскорбление других игроков,
MP_BAN_REASON_SPAM,Reason: Spam,Причина: Спам,
MP_BANNED,You was banned !,Вы были забанены !,
MP_BANREASON_CHEATING,by cheating,за читерство,
MP_BANREASON_FORFUN,by unknown reason,по неизвестной причине,
MP_BANREASON_OFFENDS,by offending other players,за оскорбление других игроков,
MP_BANREASON_SPAM,by spam,из-за спама,
MP_CLOSEWINDOW,This window will close in,Это окно закроется через,
MP_CONNECTION_ESTABLISHED,Connection established,Соединение установлено,
MP_DECLINE,Server decline your request !,Сервер отклонил ваш запрос !,
MP_DISCONNECTED,You was disconnected from server,Вы были отключены от сервера,
MP_DISCONNECTING,We are sorry,Сожалеем,
MP_ENTER,Entering...,Входим на сервер...,
MP_ENTER,Entrance to server,Вход на сервер,
MP_ERROR,Error,Ошибка,
MP_FILE_ERROR,File error,File error,
MP_FOR,for,за,
MP_INVALID_LOGIN,Invalid login or password,Неправильный логин или пароль,
MP_IPBAN,Your IP is in the blacklist on server.,Ваш IP находится в чёрном списке сервера.,
MP_IPBAN_FOREVER,Your IP is in the blacklist on server for unknown amount of time.,Ваш IP находится в чёрном списке сервера на неопределённое время.,
MP_JOIN_ATTEMPT,Attempting to join to main server…,Пытаемся присоединиться к главному серверу…,
MP_JOIN_FEMALE,has joined,вошла,
MP_JOIN_MALE,has joined,вошёл,
MP_JOIN_NEUTRAL,has joined,вошёл,
MP_KICK,kicks,кикнул,
MP_KICKED,You have been kicked !,Вы были выкинуты с сервера !,
MP_LEFT_FEMALE,has left,покинула сервер,
MP_LEFT_MALE,has left,покинул сервер,
MP_LEFT_NEUTRAL,has left,покинул сервер,
MP_LOAD_ADDRESS,Loading server address and port…,Загружаем адрес сервера и порт…,
MP_LOAD_STATUS,Loading server status...,Загрузка статуса сервера...,
MP_MAINTENANCE,Server in maintenance mode. Please try again later.,Сервер находится на техобслуживании. Попробуйте позднее.,
MP_PM,Private message from,Приватное сообщение от,
MP_PM_INVALID,Private message is invalid,Приватное сообщение неправильно составлено,
MP_POLL,Poll,Poll,
MP_REASON_UNKNOWN,Reason: Unknown error,Причина: Неизвестная ошибка,
MP_RECEIVER_NOT_EXIST,Receiver with that name does not exist,Получателя с таким именем не существует,
MP_RECEIVER_OFFLINE,Receiver with that name is offline,Получатель с таким именем в оффлайне,
MP_RECEIVER_YOURSELF,You cannot send private message to yourself,Вы не можете отправить приватное сообщение самому себе,
MP_SERVER_NOT_RESPONDING,Server not responding,Сервер не отвечает,
MP_SHUTDOWN,Server was shutdowned,Сервер был выключен,
MP_SIGNUP,Registration,Регистрация,
MP_SIGNUP_BANNED_NAME,This nickname is resticted !,Этот никнейм запрещён !,
MP_SIGNUP_INVALID_CITY,City name can contain only latin letters and '-' symbol,Имя города может содержать только латинские буквы и символ '-',
MP_SIGNUP_INVALID_NICKNAME,Invalid nickname,Неправильный никнейм,
MP_SIGNUP_INVALID_PASSWORD,Invalid password signature,Неверная сигнатура пароля,
MP_SIGNUP_OK,You have successfully signed up !,Вы успешно зарегистрировались !,
MP_SIGNUP_SUCCESS,SignUp success !,Регистрация прошла успешно !,
MP_SIGNUP_USER_ALREADY_EXIST,This username already registered. Choose another.,Это имя пользователя уже занято. Выберите другое.,
MP_SUCCESS,Success,Success,
MP_TEST_YOUR_PROFILE,Checking your info...,Проверяем вашу информацию...,
MP_TIMEOUT,Connection timeout,Таймаут соединения,
MP_TIMEOUT_DESC,Server may be shutdowned or your internet connection is broken,Сервер мог быть закрыт или ваше интернет соединение разорвано,
MP_USER_ALREADY_EXISTED,Error: User with same name is already exist !,Ошибка: Пользователь с таким именем уже существует !,
NAME_YOU,You,Вы,
NAME_YOU,You,Вы,
PH_EMPTY,<Empty>,<Пусто>,
POPUP_AWAIT_ANSWER,"Request sended.
Await opponent answer.","Предложение отправлено.
Ожидайте ответа оппонента.",
POPUP_AWAIT_DISCONNECTED,"Unable to send request.
Other player is disconnected.","Невозможно отправить запрос.
Другой игрок не присоединён.",
POPUP_AWAIT_GAMEOVER,"Unable to send request.
Game is already over.","Невозможно отправить запрос.
Игра уже завершена.",
POPUP_AWAIT_YOUR_TURN,"Unable to send request.
This request can be sended only on your turn.","Невозможно отправить запрос.
Этот запрос может быть отправлен только на вашем ходу.",
POPUP_CONNECTED,is connected !,присоединился !,
POPUP_DISCONNECTED,is disconnected !,отсоединился !,
POPUP_RECONNECTED,reconnected !,переподключился !,
PSTYLE_KANJI,Kanji,Кандзи,
PSTYLE_SYMBOLS,Symbolic,Буквенный,
PSTYLE_WESTERN,Chess-like,Шахматный,
PT_SHOGI_BISHOP,Bishop,Слон,
PT_SHOGI_GOLD,Gold General,Золотой Генерал,
PT_SHOGI_KING,King,Король,玉將
PT_SHOGI_KNIGHT,Knight,Конь,
PT_SHOGI_LANCE,Lance,Копьё,
PT_SHOGI_PAWN,Pawn,Пешка,
PT_SHOGI_PROMOTED_BISHOP,Horse,Лошадиный Дракон,
PT_SHOGI_PROMOTED_KNIGHT,Promoted Knight,Превращённый Конь,
PT_SHOGI_PROMOTED_LANCE,Promoted Lance,Превращённое Копьё,
PT_SHOGI_PROMOTED_PAWN,Tokin,Токин,
PT_SHOGI_PROMOTED_ROOK,Dragon,Королевский Дракон,
PT_SHOGI_PROMOTED_SILVER,Promoted Silver General,"
Превращённый 
Серебряный Генерал",
PT_SHOGI_ROOK,Rook,Ладья,
PT_SHOGI_SILVER,Silver General,Серебряный Генерал,
RB_CAMERA_MODE_FIXED,Fixed,Фиксированная,
RB_CAMERA_MODE_FLY,Fly,Полёт,
RB_CAMERA_MODE_WALKING,Walking,Ходьба,
RB_CLOCK_FORMAT_12,12-hours,12-часов,
RB_CLOCK_FORMAT_24,24-hours,24-часа,
RB_CONNECT_IP,IP-address,IP,
RB_CONNECT_SERVER_LIST,Server list,Список серверов,
RB_FONT_FRIENDLY,Friendly,Дружественный,友好
RB_FONT_MODERN,Modern,Современный,現代
RB_GAME_SHOW_GRID,Show grid,Показывать сетку,
RB_HISTORY_STYLE_CHESS,Chess,Шахматный,
RB_HISTORY_STYLE_CLASSIC,Classic,Классический,
RB_HISTORY_SYMBOLS_EN,English,Английский,
RB_HISTORY_SYMBOLS_JP,Japanese,Японский,
RB_LIGHT_THEME,Light,Светлая,
RB_LOAD_METHOD_REPLAY,From replay,Из повтора,
RB_LOAD_METHOD_SFEN,SFEN string,Строка SFEN,
RB_LOAD_TARGET_LOCAL,Continue local game,Продолжить локальную игру,
RB_LOAD_TARGET_NETWORK,Continue network game,Продолжить сетевую игру,
RB_PROFILE_GENDER_FEMALE,Female,Женский,
RB_PROFILE_GENDER_MALE,Male,Мужской,
RB_PROFILE_GENDER_UNSPECIFIED,Unspecified,Не указан,
RB_SHOW_MOVES_ALL,All,Все,
RB_SHOW_MOVES_ENEMY,Only opponent,Только противника,
RB_SHOW_MOVES_MYSELF,Only myself,Только свои,
RB_SHOW_MOVES_NONE,Not show,Не показывать,
RB_SOUND_MUSIC_INORDER,In order,По порядку,
RB_SOUND_MUSIC_RANDOMIZE,Randomize,Случайно,
RB_STYLES_GRID_BLACK,Black,Чёрный,
RB_STYLES_GRID_WHITE,White,Белый,
RB_UI_ASPECT_COLORLESS,Darkness,Тьма,黑暗
RB_UI_ASPECT_GODS_PURITY,Purity,Чистота,純度
RB_UI_ASPECT_GODS_RAPTURE,Rapture,Восторг,歡天喜地
RB_UI_ASPECT_GODS_WEALTH,Wealth,Богатство,財富
RB_UI_ASPECT_SINNERS_DESPAIR,Despair,Отчаяние,絕望
RB_UI_ASPECT_SINNERS_FIRE,Fire,Огонь,火
RB_UI_ASPECT_SINNERS_PAIN,Pain,Боль,痛
RB_UI_LANGUAGE_CHINESE,Chinese,Китайский,
RB_UI_LANGUAGE_ENGLISH,English,Английский,
RB_UI_LANGUAGE_JAPANESE,Japanese,Японский,
RB_UI_LANGUAGE_RUSSIAN,Russian,Русский,
SD_GAME_GRID_THICKNESS_BOLD,Bold,Жирная,
SD_GAME_GRID_THICKNESS_SEMIBOLD,Semibold,Полужирная,
SD_GAME_GRID_THICKNESS_STANDART,Standart,Стандартная,
SD_GAME_GRID_THICKNESS_THIN,Thin,Тонкая,
SD_GAME_GRID_THICKNESS_VERY_THIN,Very Thin,Очень тонкая,
SH_CAMERA_MODE,Camera mode,Режим камеры,
SH_CAMERA_MODE_FIXED,Fixed camera settings,Настройки фиксированной камеры,
SH_CAMERA_MODE_FLY,Flying settings,Настройки полёта,
SH_CAMERA_MODE_WALK,Walking settings,Настройки ходьбы,
SH_CLOCK_FORMAT,Time format,Формат времени,
SH_ENGINE_EXE,Engine executable:,Исполняемый файл:,
SH_ENGINE_FOLDER,Engine folder:,Папка движка:,
SH_GAME_AI,Artifical Intelligence,Искусственный Интеллект,
SH_GAME_ANIMATIONS,Animations,Анимации,
SH_GAME_HANDICAP,Handicap settings,Настройки гандикапа,
SH_GAME_SETTINGS,Game settings,Настройки игры,
SH_GAME_TIMECONTROL,Time control,Контроль времени,
SH_GAME_TYPE,Game type,Тип игры,
SH_GAME_UNRATED_TIMECONTROL,Time control (unrated),Контроль времени (без рейтинга),
SH_HISTORY_NOTATION,Notation style,Стиль нотации,
SH_HISTORY_PANEL_STYLE,Panel style,Стиль панели,
SH_HISTORY_PLAYBACK,Playback,Воспроизведение,
SH_HISTORY_SYMBOLS,Symbols language,Язык символов,人物語言
SH_HOTKEYS,Hotkeys,Горячие клавиши,
SH_INFO,Information,Информация,
SH_LOAD,Load options,Настройки загрузки,
SH_LOAD_METHOD,Load method,Метод загрузки,
SH_LOAD_TARGET,Load target,Цель загрузки,
SH_MASTER_ADDRESS,Master list address,Адрес мастер-сервера,
SH_MISC,Miscellaneous,Разное,杂
SH_NETWORK,Network settings,Настройки сети,
SH_PROFILE,Profile,Профиль,
SH_PROFILE_UNNECESSARY,Optional info,Необязательные сведения,
SH_REPLAYS,Replays,Повторы игр,
SH_SANSARA_ORDER,Switch order,Порядок переключения,
SH_SFX_MUSIC,Music,Музыка,
SH_SFX_SPEECH,Speech,Комментирование,
SH_STYLES_BOARD,Board settings,Настройки доски,
SH_STYLES_GRID,Grid settings,Настройки сетки,
SH_STYLES_GRID_COLOR,Grid color,Цвет сетки,
SH_UI_ASPECT,Aspect,Аспект,方面
SH_UI_FONTS,Font,Шрифт,字形
SH_UI_LANGUAGE,Language,Язык,語
SH_UI_STYLE,Style,Стиль,
SH_UI_THEME,Theme,Тема,
SH_UI_TIPS,Tips,Подсказки,
SH_WIDGETS,Widgets,Виджеты,
SLIDERVAL_HIGH,High,Высокая,
SLIDERVAL_IMMEDIATE,Immediate(without animation),Мгновенная(без анимации),
SLIDERVAL_MEDIUM,Medium,Средняя,
SLIDERVAL_SLOW,Slow,Медленная,
TEMP_EMPTY,<Empty>,<Empty>,
TIME_SECONDS_FULL,seconds,секунд,
TIME_SECONDS_SHORT,sec.,сек.,
TITLE_ACTION_CONFIRMATION,Select action,Выберите действие,
TITLE_AI_GAME,Versus AI,Игра с AI,
TITLE_AVATAR,Choose your avatar,Выберите свой аватар,
TITLE_COLOR_SELECTION,Choose color,Выберите цвет,
TITLE_COUNTRY,Choose your country,Выберите вашу страну,
TITLE_CREATE_NEW_PROFILE,Creating new profile,Создание нового профиля,
TITLE_GAME_CREATION,New game setup,Настройка новой игры,
TITLE_HOST,Server creation,Создание сервера,
TITLE_HOST_GAME,Network game,Игра по сети,
TITLE_JOIN,Join,Присоединение к IP,
TITLE_JOIN_LIST,Game list,Список игр,
TITLE_LIBRARY,Replays,Повторы,
TITLE_LOADGAME,Load game,Загрузка игры,
TITLE_LOADING,Loading,Загрузка,
TITLE_LOCAL_GAME,Local game,Локальная игра,
TITLE_MAIN_SERVER,Main Server,Главный Сервер,
TITLE_MP_RULES,Server rules,Правила сервера,
TITLE_PROFILE_CONFIRMATION,Profile confirmation,Подтверждение профиля,
TITLE_PROFILE_VIEW,Your profile,Ваш профиль,
TITLE_SETTINGS,Settings,Настройки,
TT_AUTOMOVE,"If piece have only one move, it will use this move,
when you click on it, recommended for advanced players to decrease time consumption.","Если у фигуры есть один единственный ход, она использует его,
при одном клике на ней, рекомендуется опытным игрокам для экономии времени.",
TT_AUTOPROMOTE,"Enables auto promotion for some types of pieces in shogi.
This is Pawn, Bishop and Rook, (and also Lance on pre-last horizontal) 
for these pieces promotion is desirable in 99% cases,
if you dont want to see a promotion dialog for these pieces enable this option.
(1% includes difficult stalemate positions where
pawn drop restiction ""on king head"" should be avoidable)","Включает автопревращение некоторых видов фигур в обычных сёгах.
Это Пешка, Слон и Ладья(а также Копьё на предпоследней горизонтали) 
для которых оно в 99% случаев оправдано.
Если вам не хочется видеть диалог превращения для этих фигур отметьте эту галочку.
(1% включает сложные матовые комбинации,
когда нужно обойти запрет сброса пешки ""на голову"" короля)",
TT_CASTLINGS,"When a castle is formed, the popup will show and board will highlight it.
The full list of castles can be found in Library/Castles/Shogi.
You can create own castle formation within Board Editor, accessed through Library screen.","Когда замок сформирован, появится информационное окно и доска подсветит его.
Полный список замков может быть найден в папке Library/Castles/Shogi.
Вы можете создать собственный замок через Редактор Доски, доступный через экран Библиотеки.",
TT_HIDE_PANEL,Hide panel,Скрыть панель,
TT_HISTORY_SETTINGS,History settings,Настройки истории,
TT_NOT_AVAILABLE,Not yet available,Пока не доступно,
UI_THEME_DARK,Dark theme,Тёмная тема,
UI_THEME_LIGHT,Light theme,Светлая тема,
UI_THEME_REALM_OF_ANIMALS,Realm of animals,Мир животных,畜生道
UI_THEME_REALM_OF_GHOSTS,Realm of ghosts,Мир призраков,餓鬼道
UI_THEME_REALM_OF_GODS,Realm of gods,Мир богов,天道
UI_THEME_REALM_OF_HUMANS,Realm of humans,Мир людей,人道
UI_THEME_REALM_OF_SINNERS,Realm of sinners,Мир грешников,地獄道
UI_THEME_REALM_OF_TITANS,Realm of titans,Мир полубогов,阿修羅道
TITLE_SELECT_COUNTRY,Country selection,Выбор страны,
LABEL_POINTS,Points:,Очки:,
LABEL_RANK,Rank:,Ранг:,
LABEL_PLAYER_INFO,Players info,Информация об игроках,
LABEL_GAME_INFO,Game info,Информация об игре,
RB_HISTORY_PLAYBACK_FROM_REPLAY,From replay(if possible),Из повтора(если возможно),
RB_HISTORY_PLAYBACK_FIXED,Fixed,Фиксированное,
DESC_HISTORY_PLAYBACK_DURATION,Pause length,Длина паузы,
RB_RATED_GAME,Rated game,Рейтинговая игра,
RB_UNRATED_GAME,Unrated game,Обычная игра,
RB_PRIVATE_GAME,Private game,Приватная игра,
MP_DECLINE_GAME_NOT_STARTED,"Action is impossible. 
Game is not yet started !","Действие невозможно. 
Игра еще не началась.",
MP_DECLINE_GAME_IS_DONE,"Action is impossible. 
Game is already done !","Действие невозможно. 
Игра уже завершилась !",
MP_JOINING,Player wants to join !,Игрок хочет присоединиться !,
MP_ACCEPT,Accept ?,Принять ?,
MP_AWAIT_PERMISSION,Awaiting other player permission...,Ожидание разрешения другого игрока...,
MP_ALREADY_LOGON,You have already been entered !,Вы уже вошли на сервер !,
LABEL_PASSWORD,Password:,Пароль:,
LABEL_PASSWORD_EMPTY,Password cannot be empty for private game !,Пароль не может быть пустым для приватной игры !,
MP_PASSWORD_ENTER_DESC,"This game is private.
Enter a password to continue.","Это приватная игра.
Для продолжения введите пароль.",
MP_INCORRECT_PASSWORD,Password is incorrect.,Пароль неправильный.,
MP_DESC_PROTECTED,This game is private and protected by password,Эта игра приватная и защищена паролем.,
MP_DESC_GAME_TYPE,Game type:,Тип игры:,
MP_DESC_GAME,Game:,Игра:,
BTN_ACCOUNT,Your profile,Ваш профиль,
MP_PLAYER_INFO,Player information,Информация об игроке,
LABEL_PLAYER_NAME,Name:,Имя:,
LABEL_WINS,Wins:,Победы:,
LABEL_LOSES,Loses:,Поражения:,
LABEL_DRAWS,Draws:,Ничьи:,
BTN_CHANGE_PASSWORD,Change password,Изменить пароль,
TITLE_CHANGE_PASSWORD,Changing password,Изменение пароля,
TITLE_DELETE_ACCOUNT,Account removal,Удаление аккаунта,
DESC_CHANGE_PASSWORD,"For security reasons you need to re-enter old password","В целях безопасности вам нужно ввести старый пароль",
DESC_CHANGE_PASSWORD2,"For security reasons you need to re-enter password","В целях безопасности вам нужно ввести пароль",
LABEL_OLD_PASSWORD,Old password:,Старый пароль:,
LABEL_NEW_PASSWORD,New password:,Новый пароль:,
BTN_CHANGE,Change,Изменить,
BTN_ADD_TO_FRIENDS,Add to friends,Добавить в друзья,
BTN_REMOVE_FROM_FRIENDS,Remove from friends,Удалить из друзей,
BTN_ADD_TO_IGNORED,Add to ignored,Добавить в игнор,
BTN_REMOVE_FROM_IGNORED,Remove from ignored,Удалить из игнора,
BTN_GAMES_HISTORY,Games history,История игр,
LABEL_USERNAME_WAS_CHANGED,Username was successfully changed,Имя игрока было успешно изменено,
LABEL_PASSWORD_WAS_CHANGED,Password was successfully changed,Пароль был успешно изменен,
LABEL_OLD_PASSWORD_WAS_INCORRECT,Error : Password is incorrect.,Ошибка : Неправильный пароль.,
MP_NAME_MALFORMED,Name is malformed,Имя неправильно составлено,
MP_NAME_MALFORMED_DESC," - Name must contains minimum 3 symbols (and maximum 12)
 - Name cannot contains spaces or special symbols
 - Name must contains only english letters and numbers"," - Имя должно содержать минимум 3 символа (максимум 12)
 - Имя не может содержать пробелы и специальные символы
 - Имя должно содержать только английские буквы или цифры",
MP_PASSWORD_MALFORMED,Password is malformed,Пароль неправильно составлен,
MP_PASSWORD_MALFORMED_DESC," - Password must contains minimum 3 symbols (and maximum 20)
 - Password cannot contains spaces"," - Пароль должен содержать минимум 3 символа (максимум 20)
 - Пароль не может содержать пробелов",
BTN_DELETE_ACCOUNT,Delete account,Удалить аккаунт,
LABEL_YOUR_ACCOUNT_WAS_DELETED,Your account has been successfully deleted.,Ваш аккаунт был успешно удалён.,
LABEL_USER_NOT_FOUND,Error: User not found.,Ошибка: Пользователь не найден.,
BTN_CHANGE_PUBLIC_DATA,Change public info,Изменить публичные сведения,
TITLE_PUBLIC_DATA,Changing public data,Изменение публичных сведений,
LABEL_EXTRA_DATA,Extra data,Дополнительные сведения,
BTN_APPLY,Apply changes,Применить изменения,
LABEL_VISITS,Visit count:,Число посещений:,
LABEL_STATS,Statistic:,Статистика:,
LABEL_WINS2,Win count,Число побед,
LABEL_DRAWS2,Draw count,Число ничьих,
LABEL_LOSES2,Lose count,Число поражений,
MP_PLAYER_DECLINE,Game creator is declined your joining request,Создатель игры отклонил ваш запрос присоединения,
MP_OTHER_CONNECTION_EXIST,"Other player is already tries to connect to this game. 
Try again later.","Другой игрок уже пытается присоединиться к этой игре.
Попробуйте позже",